,id,player_name,games,time,goals,xG,assists,xA,shots,key_passes,yellow_cards,red_cards,position,team_title,npg,npxG,xGChain,xGBuildup
0,647,Harry Kane,35,3097,23,22.17485891,14,7.577093588,138,49,1,0,F,Tottenham,19,19.13018344,24.99564832,4.451256848
1,1250,Mohamed Salah,37,3085,22,20.25084664,5,6.528526101,126,55,0,0,F M S,Liverpool,16,15.68383364,28.96823355,9.800235655
2,1228,Bruno Fernandes,37,3117,18,16.01945446,12,11.47499598,121,95,6,0,M S,Manchester United,9,8.407839627,26.91141238,11.93228487
3,453,Son Heung-Min,37,3139,17,11.02328676,10,9.51299247,68,75,0,0,F M S,Tottenham,16,10.2621179,20.67191555,6.608751139
4,822,Patrick Bamford,38,3085,17,18.40186261,7,3.782246552,107,30,3,0,F S,Leeds,15,16.87952495,23.39495271,4.131795546
5,5555,Dominic Calvert-Lewin,32,2788,16,18.13644871,0,2.101818834,82,18,3,0,F S,Everton,16,18.13644871,19.69885002,4.159406215
6,755,Jamie Vardy,34,2848,15,19.94294611,9,5.087881522,82,28,1,0,F S,Leicester,7,13.09242658,18.22790737,2.412587734
7,8865,Ollie Watkins,37,3330,14,16.28017765,5,5.314029492,98,45,2,1,F,Aston Villa,13,14.75784001,22.01402079,5.334991174
8,314,Ilkay Gündogan,28,2033,13,9.566883081,2,3.816219656,54,42,1,0,M S,Manchester City,12,8.044545346,19.28681173,10.14837474
9,3277,Alexandre Lacazette,30,1928,13,12.02890942,2,2.209213115,45,22,3,0,F M S,Arsenal,10,9.745402876,14.36154239,2.937940784
10,468,Callum Wilson,26,2079,12,13.59009125,5,3.046300631,49,17,2,0,F S,Newcastle United,8,10.54541587,14.20559293,1.052545197
11,620,Kelechi Iheanacho,25,1452,12,9.048596148,2,3.534099193,59,28,1,0,F S,Leicester,12,8.287427311,13.96156364,3.429915309
12,986,Danny Ings,28,2115,12,8.139229242,4,2.31123058,56,22,1,0,F S,Southampton,10,6.616891518,9.929088691,2.063255545
13,4456,Chris Wood,32,2675,12,12.89600912,3,2.038118389,69,23,0,0,F S,Burnley,10,11.37367138,13.58528152,2.14985176
14,522,Wilfried Zaha,30,2615,11,8.804439895,2,3.702821104,60,30,6,0,F M S,Crystal Palace,9,7.282102235,13.57947247,3.634436188
15,556,Marcus Rashford,37,2941,11,9.579709992,9,4.185122116,79,44,4,0,F M S,Manchester United,11,9.579709992,20.44191016,8.927207557
16,838,Sadio Mané,35,2805,11,14.82854776,7,7.787754854,94,61,3,0,F M S,Liverpool,11,14.82854776,24.9989232,6.057656283
17,2251,Gareth Bale,20,909,11,5.797857678,2,1.842241395,38,21,1,0,M S,Tottenham,11,5.797857678,8.14964091,2.594513725
18,7153,Matheus Pereira,33,2594,11,6.948316539,6,6.3555393,65,58,2,1,M S,West Bromwich Albion,7,3.903641086,10.85705416,3.757923773
19,318,Pierre-Emerick Aubameyang,28,2254,10,10.19408863,3,2.352406542,55,19,2,0,F M S,Arsenal,8,8.67175097,14.77899793,3.955129319
20,531,Michail Antonio,25,1923,10,14.13883854,5,3.034944864,63,25,3,0,F S,West Ham,10,14.13883854,18.99889111,2.655063789
21,606,Christian Benteke,30,1824,10,7.457401188,1,0.697626286,71,15,1,1,F S,Crystal Palace,10,7.457401188,8.472839532,3.153553776
22,618,Raheem Sterling,30,2449,10,11.76326408,6,5.817095671,68,35,3,0,F M S,Manchester City,10,11.00209523,24.08866617,11.4771245
23,3294,Edinson Cavani,26,1355,10,8.603231721,3,2.317243515,34,14,4,0,F S,Manchester United,10,8.603231721,12.25918739,2.730645167
24,5612,Anwar El Ghazi,28,1612,10,9.037517841,0,1.882865613,64,26,2,0,F M S,Aston Villa,6,5.992842442,7.845562791,2.691346372
25,8288,Tomas Soucek,37,3330,10,8.93648982,1,2.329663957,63,17,7,1,M,West Ham,10,8.93648982,16.7303399,8.610449083
26,482,Roberto Firmino,36,2882,9,12.86021341,7,6.1168634,83,44,2,0,F M S,Liverpool,9,12.86021341,25.27145776,10.19855011
27,558,Jesse Lingard,15,1344,9,5.095250342,4,2.329288414,39,18,3,0,F M,West Ham,8,3.572912715,9.868648287,5.617282949
28,750,Riyad Mahrez,26,1894,9,6.151045539,5,5.954979481,56,43,0,0,F M S,Manchester City,9,6.151045539,18.64116793,9.01959979
29,6681,Harvey Barnes,25,1954,9,6.697319919,4,1.771688027,56,26,0,0,F M S,Leicester,9,6.697319919,8.893774411,1.594840528
30,6854,Diogo Jota,19,1114,9,7.057720538,0,1.762521075,46,12,2,0,F M S,Liverpool,9,7.057720538,10.9729747,4.076096492
31,7700,Che Adams,36,2685,9,12.11873416,5,5.227753505,55,37,1,0,F S,Southampton,9,12.11873416,14.48691171,2.74462433
32,843,James Ward-Prowse,37,3330,8,5.427161182,7,3.956646459,42,57,5,0,D M,Southampton,5,2.382485817,10.15062004,8.928798946
33,1776,Jarrod Bowen,37,2514,8,7.817085842,5,4.952177892,53,28,0,0,F M S,West Ham,8,7.817085842,14.0001306,3.096994995
34,3621,Neal Maupay,33,2526,8,13.77353451,2,4.277407881,71,32,1,1,F M S,Brighton,5,10.72893275,17.15753916,3.381784765
35,5543,Gabriel Jesus,28,1977,8,9.009614009,4,3.371889674,52,29,2,0,F M S,Manchester City,8,9.009614009,16.56474379,5.56363485
36,5656,Nicolas Pepe,28,1512,8,5.811174319,1,1.012160038,43,11,1,1,F M S,Arsenal,7,5.050005499,9.170708017,4.217725778
37,6055,Phil Foden,27,1548,8,5.437580634,5,4.749281365,43,36,0,0,F M S,Manchester City,8,5.437580634,13.11107678,5.408362489
38,6630,Joe Willock,21,1215,8,5.088089783,0,0.73370116,23,10,1,0,M S,"Arsenal,Newcastle United",8,4.326921005,7.007069375,2.987727125
39,6818,James Maddison,31,2123,8,3.827569867,5,5.386723921,75,50,4,0,M S,Leicester,8,3.827569867,11.7434311,6.073130352
40,8718,Stuart Dallas,38,3412,8,4.457073525,2,2.084683418,48,26,7,0,D M,Leeds,8,4.457073525,18.53434376,13.80980226
41,8720,Jack Harrison,36,2871,8,6.254042701,8,7.523059309,46,59,2,0,M S,Leeds,8,6.254042701,19.39748966,8.035575423
42,695,Bertrand Traoré,36,2362,7,6.304105126,6,4.570987722,64,35,1,0,F M S,Aston Villa,7,6.304105126,9.835355166,1.332214053
43,1389,Jorginho,28,2022,7,6.972690678,1,1.954869382,14,24,2,0,M S,Chelsea,0,0.122245329,11.38373048,10.87897537
44,2381,Rodrigo,26,1285,7,5.755642192,2,3.20052937,46,31,3,0,F M S,Leeds,7,5.755642192,10.81597439,4.348653113
45,6026,Richarlison,33,2803,7,10.4272716,3,3.394761171,78,25,3,1,F M S,Everton,6,9.666102761,15.6786828,5.174452862
46,6441,Ferrán Torres,23,1291,7,5.728707629,2,2.202425992,36,18,1,0,F M S,Manchester City,7,5.728707629,9.768890779,2.724256752
47,7490,Mason Greenwood,31,1825,7,6.975748036,2,2.42789981,67,14,2,0,F M S,Manchester United,7,6.975748036,14.03183276,5.954058945
48,7711,David McGoldrick,34,2319,7,7.383083623,1,1.050453633,65,16,7,0,F M S,Sheffield United,7,7.383083623,9.682009093,3.18753174
49,65,Timo Werner,35,2605,6,13.43279559,8,6.667276643,80,36,2,0,F M S,Chelsea,6,13.43279559,20.53346293,5.24212172
50,501,Danny Welbeck,24,1551,6,7.380381532,1,3.23136685,35,22,0,0,F M S,Brighton,6,6.619249471,10.26566652,1.476512637
51,675,Jack Grealish,26,2187,6,5.192683823,10,9.334136628,50,81,5,0,F M S,Aston Villa,6,5.192683823,17.48746881,6.972043984
52,702,Tammy Abraham,22,1027,6,6.189150684,1,0.721487461,32,9,0,0,F S,Chelsea,6,6.189150684,7.901170408,2.122328226
53,714,Gylfi Sigurdsson,35,2189,6,5.620114156,5,4.763620866,46,43,2,0,F M S,Everton,3,3.336607599,8.377620617,3.660514172
54,2249,James Rodríguez,23,1802,6,3.363537842,4,5.439711567,37,40,4,0,F M S,Everton,6,3.363537842,12.03300487,7.104181377
55,5956,Youri Tielemans,38,3359,6,4.168203927,4,3.312251339,48,49,6,0,M S,Leicester,4,2.645866311,18.97534204,14.94546853
56,7768,Mason Mount,36,2891,6,6.884880336,5,9.847691355,82,87,2,0,F M S,Chelsea,5,6.12371151,21.69607448,12.44314904
57,8026,Raphinha,30,2369,6,6.219142843,9,9.524860587,67,65,3,0,M S,Leeds,6,6.219142843,16.79277784,6.67969186
58,447,Kevin De Bruyne,24,1918,5,9.908439547,11,10.00376265,79,72,1,0,M S,Manchester City,3,7.624932937,21.07913157,10.63644756
59,935,Kurt Zouma,24,2024,5,3.136853445,0,0.081466971,27,4,3,0,D S,Chelsea,5,3.136853445,6.216146336,6.133133308
60,4476,Callum Robinson,28,1580,5,3.203063399,0,1.049963206,31,16,0,0,F M S,West Bromwich Albion,5,3.203063399,5.216540754,1.596335538
61,6048,Lewis Dunk,32,2844,5,2.699257709,0,0.830638369,31,10,5,2,D,Brighton,5,2.699257709,8.265677944,7.870708652
62,6382,Pedro Neto,31,2570,5,5.494995641,6,5.738268098,62,61,4,0,F M S,Wolverhampton Wanderers,5,5.494995641,11.51666168,4.206935253
63,6827,Bobby Reid,33,2394,5,4.269851533,2,1.309700711,34,14,7,0,D F M S,Fulham,5,4.269851533,8.202645359,3.131384481
64,6853,Rúben Neves,35,2591,5,4.715056136,1,2.002833073,65,32,7,0,M S,Wolverhampton Wanderers,2,2.431549618,6.769231724,4.47636037
65,7322,Bukayo Saka,31,2561,5,7.169173587,3,4.511790655,61,38,1,0,D F M S,Arsenal,5,7.169173587,18.29246639,9.18043957
66,7698,Leandro Trossard,34,2601,5,5.412756389,5,5.398416234,58,51,2,0,F M S,Brighton,5,5.412756389,15.99893452,7.631562136
67,87,Joelinton,31,2006,4,5.631002204,2,2.366481453,43,17,3,0,F M S,Newcastle United,3,4.869833367,9.268310605,3.284957649
68,502,Olivier Giroud,17,750,4,5.070415806,0,1.175799128,29,6,1,0,F S,Chelsea,4,5.070415806,5.245491371,1.711337222
69,553,Anthony Martial,22,1494,4,7.405651165,3,2.61980296,42,17,0,1,F M S,Manchester United,4,7.405651165,11.81481302,3.31950533
70,586,John Stones,21,1843,4,2.393953532,0,0.046839521,14,2,0,1,D,Manchester City,4,2.393953532,9.84246397,9.742794871
71,2662,Christian Pulisic,27,1739,4,6.775412478,2,2.761232169,43,25,2,0,F M S,Chelsea,4,6.775412478,14.59385795,7.101119594
72,4105,Raúl Jiménez,10,824,4,2.360909685,0,0.632962503,26,6,0,0,F,Wolverhampton Wanderers,4,2.360909685,3.684076261,1.233211184
73,4381,Mateusz Klich,35,2404,4,2.99995879,5,3.650850466,36,44,6,0,M S,Leeds,2,1.477621123,14.60811685,10.386438
74,5220,Kai Havertz,27,1523,4,6.352183713,3,1.553381915,33,18,2,0,F M S,Chelsea,4,6.352183713,10.38294363,4.81191125
75,5556,Ademola Lookman,34,2765,4,6.251116008,4,5.258407373,69,61,5,0,F M S,Fulham,4,5.489947141,15.3552201,7.334159415
76,5560,Scott McTominay,32,2121,4,1.847744005,1,2.114613287,26,17,3,0,M S,Manchester United,4,1.847744005,10.91229419,7.904809941
77,6893,Stuart Armstrong,32,2701,4,2.562590417,5,2.51805779,51,33,3,0,M S,Southampton,4,2.562590417,9.479516074,6.250183905
78,7420,Miguel Almirón,34,2458,4,3.509381879,1,3.135925354,33,31,3,0,F M S,Newcastle United,4,3.509381879,9.295024225,3.89906712
79,8706,Eberechi Eze,34,2570,4,2.494572142,6,3.741961938,37,42,3,0,M S,Crystal Palace,4,2.494572142,7.996477496,3.95995456
80,8778,Fabio Silva,31,1251,4,5.958538793,2,1.035430551,45,10,2,0,F S,Wolverhampton Wanderers,3,5.197369963,4.897674456,1.070238331
81,101,Allan Saint-Maximin,25,1578,3,2.825913109,4,4.013324308,30,29,0,0,F M S,Newcastle United,3,2.825913109,10.59472032,4.224002955
82,111,Jannik Vestergaard,29,2481,3,2.026947489,0,0.740825264,22,7,3,1,D S,Southampton,3,2.026947489,5.853648512,5.77886413
83,239,Pascal Groß,33,2379,3,5.01052577,8,5.368290125,32,69,3,0,D M S,Brighton,0,1.965887193,10.40441941,6.732295144
84,503,Theo Walcott,22,1660,3,2.280676642,3,1.263102759,29,17,0,0,F M S,"Everton,Southampton",3,2.280676642,5.551979408,2.233550109
85,528,Angelo Ogbonna,27,2403,3,1.696073647,0,0.428470748,13,4,5,0,D,West Ham,3,1.696073647,3.929544438,3.707049493
86,592,Ross Barkley,26,1574,3,3.699933971,1,4.319002612,39,40,0,0,M S,"Aston Villa,Chelsea",3,3.699933971,9.89690284,3.717251487
87,669,Ashley Westwood,37,3322,3,1.005990317,3,6.352089331,19,49,7,0,M,Burnley,3,1.005990317,10.01063837,6.28727473
88,773,Aleksandar Mitrovic,27,1369,3,5.677362999,3,2.924711155,59,23,3,0,F S,Fulham,2,4.155025309,7.808299113,1.849482123
89,782,Ben Chilwell,27,2296,3,2.9848904,5,2.455677841,27,30,3,0,D M,Chelsea,3,2.9848904,11.33096135,8.155131921
90,804,Craig Dawson,21,1835,3,2.692452204,0,0.054468296,15,2,3,1,D,West Ham,3,2.692452204,2.926758008,2.926758008
91,964,Kyle Bartley,30,2581,3,2.601400323,1,0.759965025,14,7,4,0,D S,West Bromwich Albion,3,2.601400323,2.48464941,1.499340111
92,1017,Matej Vydra,27,1322,3,5.373272832,2,2.118340734,35,14,0,0,F S,Burnley,3,5.373272832,6.425857455,1.04720401
93,1653,Michael Keane,34,2896,3,1.504691659,1,1.085252827,16,7,4,0,D S,Everton,3,1.504691659,6.840392815,6.564230027
94,1740,Paul Pogba,26,1893,3,2.988202846,3,2.066863002,31,24,3,0,M S,Manchester United,3,2.988202846,11.69147341,7.444205396
95,2335,Pablo Fornals,32,2513,3,5.854254933,3,2.054639482,46,28,3,0,F M S,West Ham,3,5.854254933,14.86823065,8.320599707
96,3293,Lucas Moura,30,1392,3,1.946632659,4,2.064035285,18,16,1,0,F M S,Tottenham,3,1.946632659,7.514037959,5.200064562
97,3428,Hélder Costa,22,1152,3,2.598154854,3,0.628333788,16,7,0,0,M S,Leeds,3,2.598154854,4.516011324,2.207326274
98,3491,Romain Saiss,26,2319,3,3.099967915,0,0.648439959,27,4,2,0,D,Wolverhampton Wanderers,3,3.099967915,4.538973004,3.720982972
99,3683,Ivan Cavaleiro,36,2477,3,5.54866669,0,2.680473936,47,42,2,0,D F M S,Fulham,2,4.02632897,8.240886439,2.856730102
100,4422,Ashley Barnes,21,1341,3,3.874066237,0,0.800547515,38,19,4,0,F M S,Burnley,2,3.11289737,4.190315293,1.198629176
101,5587,Josh Maja,15,809,3,4.918053389,0,0.742830269,21,7,0,0,F S,Fulham,2,4.156884551,4.449021198,0.645543974
102,5595,Daniel James,14,830,3,1.943296812,0,0.740844136,16,7,3,0,M S,Manchester United,3,1.943296812,4.284207717,1.735916318
103,5962,Tanguy NDombele Alvaro,33,2141,3,1.530481542,2,2.126333596,18,14,3,0,M S,Tottenham,3,1.530481542,10.93496512,8.00578513
104,6144,Sébastien Haller,16,933,3,2.554668181,0,1.134867813,25,10,0,0,F S,West Ham,3,2.554668181,3.660330243,0.852948932
105,7712,Billy Sharp,16,723,3,2.983076898,0,0.583278213,9,4,1,0,F S,Sheffield United,1,1.460739223,2.650699468,0.66489535
106,7723,John McGinn,37,3330,3,2.166595253,5,3.50175766,45,42,12,0,M,Aston Villa,3,2.166595253,14.86826731,9.945619265
107,8239,Takumi Minamino,18,941,3,2.557263045,0,0.762515012,18,4,1,0,F M S,"Liverpool,Southampton",3,2.557263045,5.954795577,2.76779745
108,8291,Daniel Podence,24,1718,3,2.744377876,2,1.839432783,32,21,3,0,F M S,Wolverhampton Wanderers,3,2.744377876,6.725102685,2.910881344
109,9290,Mbaye Diagne,16,1205,3,6.247825153,2,0.986100741,25,10,2,0,F S,West Bromwich Albion,3,6.247825153,8.729950741,1.773010155
110,343,Pierre-Emile Højbjerg,38,3420,2,1.137927259,4,1.755895049,14,16,9,0,M,Tottenham,2,1.137927259,16.2058085,14.68037922
111,619,Sergio Agüero,11,533,2,3.002215546,1,1.315659788,15,7,0,0,F M S,Manchester City,1,1.479877862,3.363660451,1.145450454
112,725,Ola Aina,31,2683,2,0.847976466,1,1.552727966,14,15,3,0,D M,Fulham,2,0.847976466,6.773145352,6.120467253
113,757,Jeffrey Schlupp,27,1424,2,2.015115544,3,2.572582504,18,18,3,0,M S,Crystal Palace,2,2.015115544,5.158029245,3.466956737
114,766,Jamaal Lascelles,19,1633,2,0.765354833,0,0.066882778,16,2,4,0,D,Newcastle United,2,0.765354833,2.606449857,2.349907726
115,770,Ayoze Pérez,25,1326,2,4.036575317,1,1.248606492,31,23,2,0,F M S,Leicester,2,4.036575317,9.872759374,6.759955797
116,771,Georginio Wijnaldum,38,2961,2,2.817426797,0,1.662921851,31,21,1,0,M S,Liverpool,2,2.817426797,13.92218181,10.47627684
117,790,Nathan Redmond,28,1628,2,3.793102963,3,2.987433795,44,22,1,0,F M S,Southampton,2,3.793102963,8.591277279,3.182593115
118,807,Jonny Evans,28,2483,2,1.855712767,2,0.53863108,8,10,7,0,D,Leicester,2,1.855712767,8.73060951,7.942966703
119,900,Adama Traoré,36,2604,2,1.995262245,2,5.228081337,41,54,4,0,D F M S,Wolverhampton Wanderers,2,1.995262245,9.373141573,3.006398071
120,1024,Tyrone Mings,36,3194,2,2.061612615,2,0.376271466,19,7,4,1,D,Aston Villa,2,2.061612615,6.932438758,6.708538291
121,1621,Marcos Alonso,13,962,2,1.824078284,0,1.721699378,22,15,2,0,D S,Chelsea,2,1.824078284,4.643395733,2.536423624
122,1654,Ben Mee,30,2695,2,1.619415545,0,0.805203526,22,7,3,0,D,Burnley,2,1.619415545,2.118281593,2.015906334
123,1663,Johann Berg Gudmundsson,21,1279,2,1.51604672,0,0.959504344,18,10,2,0,M S,Burnley,2,1.51604672,3.596361902,1.325504447
124,1678,Michy Batshuayi,18,706,2,1.363145164,1,1.654721253,12,9,0,0,F S,Crystal Palace,2,1.363145164,3.708006874,1.475732068
125,1687,Harry Maguire,34,3049,2,1.48433672,1,0.290943004,36,7,11,0,D,Manchester United,2,1.48433672,13.1270039,13.0183471
126,1726,Abdoulaye Doucouré,28,2409,2,2.36952303,3,2.381616309,18,20,6,0,M,Everton,2,2.36952303,10.35572241,6.733989973
127,1737,Matt Phillips,33,1823,2,2.923516908,1,3.245671345,22,25,1,0,M S,West Bromwich Albion,2,2.923516908,7.040551716,2.613230765
128,1738,Hal Robson-Kanu,19,522,2,1.496081311,0,0.243450195,13,5,2,0,F S,West Bromwich Albion,2,1.496081311,2.264205154,0.634409208
129,1746,Jeff Hendrick,22,1436,2,1.107993796,1,1.433230097,10,6,1,1,M S,Newcastle United,2,1.107993796,3.605641603,1.386696429
130,1791,Trent Alexander-Arnold,36,3040,2,2.59305963,7,8.576367635,55,77,2,0,D S,Liverpool,2,2.59305963,23.10788097,17.64890757
131,2379,João Cancelo,28,2309,2,1.865636025,3,5.177640126,35,45,5,1,D M S,Manchester City,2,1.865636025,18.10572618,14.48054548
132,2496,Rodri,33,2719,2,2.538603558,2,2.33538256,31,33,6,0,M S,Manchester City,1,1.7774347,20.21450458,18.32300595
133,3203,Issa Diop,17,1378,2,0.953530967,0,0.017779581,3,1,3,0,D S,West Ham,2,0.953530967,2.147920772,1.831723474
134,3288,Thiago Silva,23,1938,2,1.320545401,0,0.291494165,13,5,3,1,D,Chelsea,2,1.320545401,7.842857754,7.636919113
135,3389,Benjamin Mendy,13,955,2,0.334140891,1,0.301439743,6,5,2,0,D M S,Manchester City,2,0.334140891,2.769136801,2.348602511
136,3600,Serge Aurier,19,1619,2,1.475271713,3,3.719394445,15,17,0,0,D M,Tottenham,2,1.475271713,8.711731989,5.293095898
137,3635,Bernardo Silva,26,2080,2,3.598813418,6,4.823389741,28,27,5,0,F M S,Manchester City,2,3.598813418,17.1123898,10.65352136
138,4490,Semi Ajayi,33,2773,2,1.733795512,0,0.510466268,13,7,3,1,D S,West Bromwich Albion,2,1.733795512,4.629276711,3.112332497
139,5584,Aaron Wan-Bissaka,34,3060,2,0.932453951,4,2.547663255,7,31,3,0,D,Manchester United,2,0.932453951,12.24212278,9.676274544
140,5613,Gabriel,22,1904,2,1.550637526,0,0.056095988,15,2,2,1,D S,Arsenal,2,1.550637526,5.588360675,5.573927291
141,6027,Jairo Riedewald,33,1803,2,0.563081227,0,0.897361388,8,11,4,0,M S,Crystal Palace,2,0.563081227,3.511384854,2.333950503
142,6049,Solly March,21,1684,2,1.783601996,1,1.678819841,22,27,0,0,D M S,Brighton,2,1.783601996,8.322110306,5.68054905
143,6063,Jacob Murphy,26,1611,2,1.490952687,3,3.433488872,30,19,3,0,D M S,Newcastle United,2,1.490952687,8.043614191,4.102315794
144,6157,Timothy Castagne,27,2349,2,1.600266591,3,2.306962533,8,21,1,0,D M,Leicester,2,1.600266591,8.445917392,6.606226627
145,6456,Callum Hudson-Odoi,23,1048,2,1.369689252,3,3.104141779,23,31,0,0,D F M S,Chelsea,2,1.369689252,7.824358188,5.499199015
146,6482,Eddie Nketiah,17,405,2,2.022098698,1,0.742354877,12,8,0,0,F S,Arsenal,2,2.022098698,2.077280363,0.220550492
147,6521,Yerry Mina,24,1941,2,1.749434195,0,0.019598974,17,1,2,0,D S,Everton,2,1.749434195,4.313140837,4.212718679
148,6756,Dwight McNeil,35,3002,2,1.006853469,5,5.418880509,25,46,1,0,M S,Burnley,2,1.006853469,6.874771925,3.606812438
149,7230,Emile Smith-Rowe,19,1382,2,1.592160005,4,3.449013853,13,23,0,0,M S,Arsenal,2,1.592160005,9.202460408,5.454992607
150,7722,Trézéguet,21,1175,2,3.979035469,1,2.147567751,35,13,0,0,F M S,Aston Villa,2,3.979035469,7.02720906,1.903932778
151,7726,Ezri Konsa Ngoyo,36,3192,2,3.291558614,0,0.093176626,22,2,3,0,D S,Aston Villa,2,3.291558614,3.429550214,3.381944163
152,7752,Gabriel Martinelli,13,577,2,3.252450477,1,1.745650906,20,9,0,0,F M S,Arsenal,2,3.252450477,6.159719843,1.756597346
153,7753,James Justin,23,2070,2,1.517483089,1,2.059136271,9,19,4,0,D,Leicester,2,1.517483089,7.665663853,5.505036119
154,7991,Aaron Connolly,16,755,2,4.412463581,1,0.149897031,22,5,0,0,F M S,Brighton,2,4.412463581,4.72093132,0.191225428
155,8722,Ezgjan Alioski,36,2475,2,1.746611039,3,3.33275333,25,28,7,0,D M S,Leeds,2,1.746611039,13.47833998,9.686265881
156,8992,Hakim Ziyech,23,1182,2,1.98731387,3,4.478449192,35,34,3,0,F M S,Chelsea,2,1.98731387,7.660671562,3.691924286
157,9040,Conor Gallagher,30,2529,2,1.542326158,2,1.418287797,29,21,11,0,M S,West Bromwich Albion,2,1.542326158,5.059539877,3.12478549
158,9205,Jayden Bogle,16,1109,2,1.915019624,0,0.208553841,17,4,2,0,D M S,Sheffield United,2,1.915019624,2.668701135,1.365645308
159,76,Fabian Schär,18,1252,1,1.460576858,0,0,12,0,4,1,D S,Newcastle United,0,0.699408021,0.955122676,0.873560842
160,204,Granit Xhaka,30,2447,1,0.711672674,2,1.334160782,18,14,7,1,D M S,Arsenal,1,0.711672674,13.53736703,12.52164356
161,229,Thiago Alcántara,24,1865,1,1.211306193,0,2.554921616,22,30,4,0,M S,Liverpool,1,1.211306193,11.15254943,9.468282035
162,332,Joel Matip,10,701,1,0.784475379,2,1.18027547,5,3,2,0,D S,Liverpool,1,0.784475379,4.383128449,4.383128449
163,486,Adam Lallana,29,1528,1,1.614305904,1,2.628757566,22,25,0,0,F M S,Brighton,1,1.614305904,9.719970118,5.874304872
164,492,Héctor Bellerín,25,2098,1,0.860229813,2,2.171512437,15,21,8,0,D S,Arsenal,1,0.860229813,8.059892222,6.266995819
165,496,Mohamed Elneny,23,1540,1,0.475615798,0,0.256941723,9,4,3,0,M S,Arsenal,1,0.475615798,5.195760984,4.65116825
166,500,Alex Iwobi,29,1505,1,0.843632018,2,2.155348901,15,16,0,0,D F M S,Everton,1,0.843632018,7.21891633,4.475584606
167,512,Scott Dann,15,1350,1,0.548288748,0,0.017612835,4,1,1,0,D,Crystal Palace,1,0.548288748,1.185210365,1.167597528
168,532,Cheikhou Kouyaté,36,3126,1,0.823928103,0,0.830787105,7,8,4,0,D M S,Crystal Palace,1,0.823928103,4.744332442,4.530508513
169,535,Manuel Lanzini,17,548,1,0.971056749,1,1.001792194,12,11,1,0,M S,West Ham,1,0.971056749,3.232661293,1.579504919
170,537,Andy Carroll,18,369,1,0.603316849,0,0.063019833,13,2,1,0,F S,Newcastle United,1,0.603316849,0.989014842,0.542128044
171,579,Nathan Aké,10,802,1,0.505318072,0,0.017229334,3,1,4,0,D S,Manchester City,1,0.505318072,4.211258717,4.194029383
172,605,Jordan Henderson,21,1710,1,1.135797573,1,1.483708568,14,14,0,0,D M S,Liverpool,1,1.135797573,11.4943608,10.46134793
173,638,Kyle Walker,23,1854,1,0.204404906,1,0.499786234,10,8,1,0,D S,Manchester City,1,0.204404906,9.922638569,9.524867132
174,639,Toby Alderweireld,25,2243,1,0.613819364,0,0.968030091,10,8,2,0,D,Tottenham,1,0.613819364,5.900500618,5.85721869
175,644,Erik Lamela,23,683,1,1.289412983,0,0.805831972,21,8,4,1,F M S,Tottenham,1,1.289412983,4.192472446,2.828797733
176,672,Jordan Ayew,33,2097,1,2.581982689,3,0.822346156,26,13,4,0,F M S,Crystal Palace,1,2.581982689,5.268271958,2.650574216
177,681,César Azpilicueta,26,2189,1,0.503005005,2,2.575494335,11,27,5,1,D S,Chelsea,1,0.503005005,13.98924253,12.33882074
178,688,Ruben Loftus-Cheek,31,1988,1,3.330008732,0,1.244577933,35,17,3,0,F M S,"Chelsea,Fulham",1,3.330008732,7.614803409,3.747227056
179,699,Gary Cahill,20,1800,1,0.736513684,1,0.621741116,11,8,3,0,D,Crystal Palace,1,0.736513684,2.273189371,2.02311668
180,700,Willian,25,1413,1,1.834947636,5,3.591709714,20,32,0,0,F M S,Arsenal,1,1.834947636,7.110169102,3.815574728
181,743,Dwight Gayle,18,483,1,2.929797634,1,0.275555471,16,6,0,0,F S,Newcastle United,1,2.929797634,3.037841819,0.514048237
182,753,Marc Albrighton,31,1731,1,1.246730871,5,4.036376454,21,38,2,0,D M S,Leicester,1,1.246730871,8.017677169,5.142710544
183,759,Daniel Amartey,12,714,1,0.542172275,0,0,3,0,2,0,D S,Leicester,1,0.542172275,2.531733267,2.456876211
184,769,Jonjo Shelvey,30,2617,1,2.452838399,3,2.625524726,42,37,7,0,M S,Newcastle United,1,2.452838399,9.463527981,7.525889337
185,775,Andros Townsend,34,2255,1,2.471998122,5,4.146493591,36,40,0,0,F M S,Crystal Palace,1,2.471998122,7.262479238,3.630241647
186,789,Robbie Brady,19,1061,1,0.78309752,1,0.90858233,16,7,3,0,M S,Burnley,1,0.78309752,2.677589878,1.530914016
187,833,Virgil van Dijk,5,370,1,0.553382605,0,0,4,0,1,0,D,Liverpool,1,0.553382605,1.409594253,1.28843464
188,842,Oriol Romeu,20,1748,1,0.445827158,1,1.536806639,14,14,6,0,M,Southampton,1,0.445827158,6.115794092,4.941206999
189,844,Jay Rodriguez,30,1220,1,2.8512784,2,1.210919246,30,6,3,0,F M S,Burnley,1,2.8512784,4.231583967,0.913431628
190,853,Paul Dummett,15,1254,1,0.444092333,0,0.229144895,3,4,2,0,D S,Newcastle United,1,0.444092333,3.159807924,2.978621405
191,875,Ciaran Clark,22,1895,1,0.662202362,0,0.14438941,8,2,3,0,D S,Newcastle United,1,0.662202362,2.862961159,2.862961159
192,966,Alex Oxlade-Chamberlain,13,238,1,0.300650962,1,0.301777504,8,2,0,0,F M S,Liverpool,1,0.300650962,0.998663014,0.766684921
193,985,Mason Holgate,27,2208,1,1.298189087,0,0.555156495,5,7,8,0,D M S,Everton,1,1.298189087,3.670806652,3.228919417
194,1006,Luke Shaw,32,2659,1,0.693125116,5,6.471944945,11,72,8,0,D S,Manchester United,1,0.693125116,12.84404625,10.09623195
195,1014,Tyler Roberts,27,1334,1,1.885488858,2,2.529150106,26,15,3,0,F M S,Leeds,1,1.885488858,7.462035052,3.503893172
196,1053,Keinan Davis,15,240,1,1.268774506,1,0.68461838,9,6,0,0,F S,Aston Villa,1,1.268774506,1.964608207,0.335083346
197,1234,Dennis Praet,15,730,1,0.43896842,1,1.215856321,8,7,0,0,M S,Leicester,1,0.43896842,2.11191888,1.291694002
198,1257,Alisson,33,2970,1,0.107681759,0,0,1,0,1,0,GK,Liverpool,1,0.107681759,3.559325205,3.559325205
199,1299,Mario Lemina,28,1706,1,1.243657766,0,1.126126805,19,12,5,0,D M S,Fulham,1,1.243657766,4.953155102,3.294958666
200,1545,Emil Krafth,16,1297,1,0.150912438,0,0.434515152,7,6,4,0,D S,Newcastle United,1,0.150912438,3.910903702,3.427047376
201,1652,Matthew Lowton,33,2970,1,0.759485325,1,2.77225545,21,26,5,0,D,Burnley,1,0.759485325,6.349135403,3.561919269
202,1665,James Tarkowski,35,3150,1,2.974333734,0,0.944150917,22,12,6,0,D,Burnley,1,2.974333734,3.003885052,2.815818501
203,1676,David Luiz,20,1410,1,0.669567026,0,0.524025485,15,2,1,1,D S,Arsenal,1,0.669567026,4.749538992,4.629008282
204,1688,Andrew Robertson,38,3391,1,1.437933657,7,7.220491709,19,65,2,0,D,Liverpool,1,1.437933657,19.86948182,15.43500882
205,1736,Oliver McBurnie,23,1306,1,3.552993312,0,1.054265581,30,15,2,0,F S,Sheffield United,1,3.552993312,6.107230762,2.601921773
206,1822,Antonio Rüdiger,19,1710,1,1.139936452,0,0.305807361,14,4,0,0,D,Chelsea,1,1.139936452,9.13765046,9.044836283
207,2163,Diego Llorente,15,1208,1,0.907168003,0,0.461230189,8,4,1,0,D S,Leeds,1,0.907168003,3.133223627,2.109321967
208,2361,Willian José,16,1059,1,1.346107055,0,1.271105303,18,12,0,0,F S,Wolverhampton Wanderers,1,1.346107055,1.98804874,0.719258957
209,2517,Martin Odegaard,13,779,1,0.572076786,1,1.678805444,13,16,0,0,M S,Arsenal,1,0.572076786,5.008195259,4.034761325
210,3422,João Moutinho,32,2456,1,0.502775416,1,1.57863993,14,43,3,1,M S,Wolverhampton Wanderers,1,0.502775416,6.857965525,6.075556061
211,3585,Said Benrahma,29,1361,1,2.382795409,6,5.1145559,34,27,0,0,M S,West Ham,1,2.382795409,10.29103685,3.779580625
212,4391,Darnell Furlong,35,2926,1,1.93333247,3,2.463005515,26,17,5,0,D M S,West Bromwich Albion,1,1.93333247,6.135472815,3.374022385
213,5256,Oliver Burke,25,1272,1,2.603761297,1,2.620451843,25,15,2,0,F S,Sheffield United,1,2.603761297,6.119541306,1.053120244
214,5264,Caglar Söyüncü,23,1802,1,0.53920823,0,0.326974956,10,7,2,0,D S,Leicester,1,0.53920823,7.390434857,7.368667569
215,5545,Wilfred Ndidi,26,2181,1,0.596031941,4,1.33349838,16,16,6,0,D M S,Leicester,1,0.596031941,10.23005054,8.725671129
216,5549,Luka Milivojevic,31,2374,1,2.213461101,1,1.773464305,19,21,8,1,M S,Crystal Palace,0,0.691123403,6.367301894,5.705257058
217,5553,Declan Rice,31,2790,1,2.557830686,1,1.978934191,26,23,2,0,M,West Ham,0,1.035492981,10.22669631,9.110459754
218,5609,Yves Bissouma,35,3031,1,1.055967123,0,1.081232475,41,16,8,1,M S,Brighton,1,1.055967123,9.618265059,8.109773459
219,5681,Giovani Lo Celso,18,955,1,1.525260754,1,1.196652303,15,15,5,0,M S,Tottenham,1,1.525260754,5.273323447,3.312727395
220,5735,Jean-Philippe Mateta,7,213,1,0.325430885,0,0.016295329,4,1,0,0,F S,Crystal Palace,1,0.325430885,0.397356503,0.136050835
221,6042,Jan Bednarek,35,3021,1,0.447690349,1,1.159947371,9,5,4,1,D,Southampton,1,0.447690349,7.938710703,7.884195937
222,6080,Victor Lindelöf,29,2587,1,0.798889451,1,0.402378619,4,6,0,0,D,Manchester United,1,0.798889451,9.030322801,8.88187627
223,6314,Joachim Andersen,31,2732,1,1.356786225,1,0.451680342,13,8,7,1,D S,Fulham,1,1.356786225,6.673858029,6.547641625
224,6424,Ben Johnson,14,506,1,0.48440983,0,0.385865556,3,4,1,0,D M S,West Ham,1,0.48440983,1.443989877,0.667887932
225,6651,Grady Diangana,20,1249,1,1.097821379,0,0.16204886,14,5,0,0,F M S,West Bromwich Albion,1,1.097821379,1.629271282,0.62111727
226,6665,Curtis Jones,24,1174,1,1.758892709,2,1.521143509,19,12,2,0,M S,Liverpool,1,1.758892709,7.742866412,5.182874274
227,6674,Rayan Ait Nouri,20,1326,1,0.475546866,1,0.790438717,15,14,0,0,D M S,Wolverhampton Wanderers,1,0.475546866,2.692103099,2.285053768
228,6817,Fred,30,2404,1,1.733165263,0,2.232571354,25,24,5,0,M S,Manchester United,1,1.733165263,13.51970522,10.68863894
229,6834,Joe Bryan,16,658,1,0.581356587,0,0.272694402,8,5,2,0,D M S,Fulham,1,0.581356587,1.899184555,1.300659828
230,6835,Tom Cairney,10,762,1,0.583964585,1,0.988852445,12,17,2,0,M S,Fulham,1,0.583964585,3.385562211,2.849907039
231,6850,Willy Boly,20,1790,1,1.117670464,1,0.551295422,14,3,1,0,D,Wolverhampton Wanderers,1,1.117670464,2.68421571,2.521660402
232,6851,Conor Coady,36,3215,1,1.445029649,0,0.196238302,7,3,5,0,D,Wolverhampton Wanderers,1,1.445029649,4.858106938,4.689755217
233,6857,Morgan Gibbs-White,10,370,1,0.735048532,0,0.370324161,8,7,0,0,F M S,Wolverhampton Wanderers,1,0.735048532,1.575254368,0.805778803
234,6859,Kortney Hause,7,630,1,1.303752761,0,0,5,0,2,0,D,Aston Villa,1,1.303752761,1.804376021,1.804376021
235,6891,Ryan Fredericks,14,563,1,0.214337457,1,1.298734913,4,12,2,0,D M S,West Ham,1,0.214337457,1.061931677,0.308016585
236,6892,Fabián Balbuena,14,1197,1,1.097824555,0,0,8,0,1,1,D S,West Ham,1,1.097824555,2.218800288,1.996305343
237,7063,Bernard,11,409,1,0.193635611,0,0.525448304,6,10,2,0,F M S,Everton,1,0.193635611,1.282545144,0.702659396
238,7236,Leander Dendoncker,32,2435,1,3.38159868,0,0.581333028,31,17,3,0,D M S,Wolverhampton Wanderers,1,3.38159868,8.1180316,5.303795157
239,7382,Dan Burn,26,1969,1,1.078170056,0,0.977860435,17,10,5,0,D M S,Brighton,1,1.078170056,4.967931451,4.165305203
240,7390,Karlan Grant,21,1140,1,1.694240522,0,0.149186473,16,2,1,0,F M S,West Bromwich Albion,1,1.694240522,1.810006551,0.505270667
241,7395,Carlos Vinicius,9,300,1,1.254992157,0,0.102793848,7,2,2,0,F S,Tottenham,1,1.254992157,1.421263441,0.086718466
242,7699,Adam Webster,28,2506,1,1.2729571,0,0.253215602,25,5,4,0,D,Brighton,1,1.2729571,7.62394369,7.481680958
243,7701,Moussa Djenepo,27,1236,1,0.792782022,0,0.401872564,14,6,5,0,M S,Southampton,1,0.792782022,2.988376856,1.913124703
244,7714,Ben Osborn,23,1521,1,1.066625321,0,2.522014765,9,17,1,0,D F M S,Sheffield United,1,1.066625321,6.347650437,4.422309449
245,7721,Conor Hourihane,4,236,1,0.56795454,1,0.919187903,5,5,0,0,M S,Aston Villa,1,0.56795454,0.668175921,0.190557707
246,8020,Steven Alzate,14,881,1,0.83403524,0,0.922801554,7,11,2,0,D M S,Brighton,1,0.83403524,3.519558562,2.38669185
247,8067,Reece James,32,2355,1,1.534596991,2,3.6499749,35,42,3,0,D M S,Chelsea,1,1.534596991,11.71862213,9.588866364
248,8089,Kieran Tierney,26,2215,1,0.386676631,3,3.823889255,15,31,4,0,D S,Arsenal,1,0.386676631,8.525313376,5.497775631
249,8214,Tyrick Mitchell,19,1710,1,1.075538255,1,0.230879225,2,3,1,0,D,Crystal Palace,1,1.075538255,4.470536683,3.2567375
250,8226,Tariq Lamptey,11,904,1,0.703003909,1,0.808980972,6,10,2,1,D M,Brighton,1,0.703003909,4.568889327,3.691588268
251,8228,Nathaniel Phillips,17,1451,1,1.027708869,1,0.916556781,15,7,2,0,D S,Liverpool,1,1.027708869,4.325661117,4.156065339
252,8285,Sander Berge,15,1116,1,1.216416584,1,1.777330518,10,14,4,0,M S,Sheffield United,0,0.455247762,3.906758405,3.066428088
253,8300,Steven Bergwijn,21,1218,1,2.093383353,3,0.812587446,15,13,3,0,F M S,Tottenham,1,2.093383353,4.81433909,2.446276184
254,8379,Alexis Mac Allister,20,1044,1,1.353140607,1,1.870868495,24,15,1,0,F M S,Brighton,1,1.353140607,5.543473084,3.155042152
255,8456,Nathan Tella,17,707,1,1.906673916,1,1.090901062,16,6,2,0,F M S,Southampton,1,1.906673916,2.688511305,0.346625337
256,8481,Jimmy Dunne,2,180,1,0.222375486,0,0.102000315,3,2,0,0,D,Burnley,1,0.222375486,0.1044391,0.043035658
257,8562,Luke Thomas,14,982,1,0.27020211,0,0.94765133,7,7,2,0,D M S,Leicester,1,0.27020211,2.152353965,1.729160259
258,8717,Pascal Struijk,27,2073,1,2.028674905,0,0.108047519,13,4,3,0,D M S,Leeds,1,2.028674905,6.597725658,6.550252264
259,8719,Kalvin Phillips,29,2435,1,0.388622756,2,3.233058132,15,35,10,0,M S,Leeds,1,0.388622756,8.959227515,7.550635194
260,8780,Joël Veltman,28,2281,1,1.275617773,1,1.846218819,14,22,3,0,D M S,Brighton,1,1.275617773,9.022530617,6.800674582
261,8816,Liam Cooper,25,2189,1,2.094512293,0,0,15,0,4,1,D,Leeds,1,2.094512293,7.379916446,7.379916446
262,8821,Donny van de Beek,18,396,1,0.282717913,1,1.043387569,1,3,1,0,M S,Manchester United,1,0.282717913,3.165462885,1.839357376
263,8961,Rúben Dias,31,2758,1,1.913022749,0,0.105596101,13,3,3,0,D,Manchester City,1,1.913022749,16.24824632,16.12655178
264,9163,Kean Bryan,13,1012,1,0.535491642,0,0.819474388,3,4,1,0,D S,Sheffield United,1,0.535491642,1.428371269,1.385759648
265,9501,Fabio Carvalho,4,255,1,0.997431427,0,0.500209838,9,2,0,0,F M S,Fulham,1,0.997431427,1.496106863,0.28626886
266,9509,Daniel Jebbison,3,204,1,1.483993679,0,0.02356302,4,1,0,0,F S,Sheffield United,1,1.483993679,1.876319379,0.368762672
267,181,Bernd Leno,34,3046,0,0,0,0,0,0,0,1,GK,Arsenal,0,0,4.29066145,4.29066145
268,200,Andreas Christensen,17,1375,0,0.129408272,0,0.250104571,3,6,2,1,D S,Chelsea,0,0.129408272,7.44171058,7.276742447
269,342,Sead Kolasinac,1,90,0,0,0,0,0,0,0,0,D,Arsenal,0,0,0.429358035,0.429358035
270,461,Matt Ritchie,18,1360,0,0.330100663,2,2.492345709,11,24,2,0,D M S,Newcastle United,0,0.330100663,5.130529761,4.38347964
271,465,Joshua King,11,119,0,0.78812479,0,0,3,0,0,0,S,Everton,0,0.78812479,0.886890819,0.756995674
272,484,Divock Origi,9,176,0,1.081121296,0,0.140034886,7,2,0,0,F S,Liverpool,0,1.081121296,1.496934582,0.782366218
273,485,Mamadou Sakho,4,274,0,0.018834919,0,0,1,0,0,0,D S,Crystal Palace,0,0.018834919,0.514052927,0.514052927
274,489,James Milner,26,1037,0,0.356573801,1,0.790559528,12,13,3,0,D M S,Liverpool,0,0.356573801,5.685045047,4.885257273
275,508,Calum Chambers,9,660,0,0.363973163,1,0.960839648,8,9,0,0,D S,Arsenal,0,0.363973163,3.65080291,2.707076341
276,510,Joel Ward,26,2252,0,0.051711374,1,0.473003346,2,7,5,0,D S,Crystal Palace,0,0.051711374,3.116230333,2.889398186
277,525,Martin Kelly,1,1,0,0,0,0,0,0,0,0,S,Crystal Palace,0,0,0,0
278,527,Adrián,3,270,0,0,0,0,0,0,0,0,GK,Liverpool,0,0,0.397439435,0.397439435
279,530,James Tomkins,8,553,0,0.123369649,0,0.110448495,2,1,1,0,D S,Crystal Palace,0,0.123369649,0.284868991,0.284868991
280,533,Mark Noble,20,697,0,0.05267939,0,0.176331495,1,5,1,0,M S,West Ham,0,0.05267939,0.776315205,0.723635808
281,534,Aaron Cresswell,35,3086,0,0.883464439,8,7.347331377,19,57,3,0,D,West Ham,0,0.883464439,10.60966659,8.381824482
282,540,Darren Randolph,3,270,0,0,0,0,0,0,0,0,GK,West Ham,0,0,0.275161922,0.275161922
283,545,Kieran Gibbs,10,808,0,0.06194194,0,0.40620596,1,4,0,1,D S,West Bromwich Albion,0,0.06194194,0.89347491,0.812916704
284,546,David de Gea,26,2298,0,0,0,0,0,0,0,0,GK,Manchester United,0,0,2.11324946,2.11324946
285,549,Timothy Fosu-Mensah,1,85,0,0.015449299,0,0.305152416,1,2,1,0,D,Manchester United,0,0.015449299,0.401905119,0.360821873
286,554,Juan Mata,8,431,0,0.311534073,2,0.722595327,4,8,0,0,M S,Manchester United,0,0.311534073,2.259327587,1.409719603
287,573,Odion Ighalo,1,5,0,0,0,0,0,0,0,0,S,Manchester United,0,0,0,0
288,585,Seamus Coleman,25,1612,0,0.894843334,3,1.507626404,12,19,0,0,D M S,Everton,0,0.894843334,5.504014187,4.079460908
289,587,Phil Jagielka,9,522,0,0,0,0,0,0,1,1,D S,Sheffield United,0,0,0.907246426,0.907246426
290,589,James McCarthy,16,834,0,0.012277676,0,0.289828269,1,5,1,0,M S,Crystal Palace,0,0.012277676,1.198179461,1.028018422
291,603,Nathaniel Clyne,13,1151,0,0.122933941,1,0.222484924,4,4,2,0,D,Crystal Palace,0,0.122933941,1.896963889,1.731162582
292,614,Fernandinho,20,1080,0,0.738076332,0,0.8550812,13,10,6,0,M S,Manchester City,0,0.738076332,6.967453942,6.467769198
293,624,Willy Caballero,1,90,0,0,0,0,0,0,0,0,GK,Chelsea,0,0,0.143563122,0.143563122
294,633,James McArthur,18,1482,0,0.282254315,2,1.520370733,6,15,3,0,M S,Crystal Palace,0,0.282254315,3.245603632,2.257383136
295,635,Alex McCarthy,29,2610,0,0,0,0,0,0,2,0,GK,Southampton,0,0,2.657730175,2.657730175
296,637,Hugo Lloris,38,3420,0,0,0,0,0,0,0,0,GK,Tottenham,0,0,4.80101507,4.80101507
297,643,Eric Dier,28,2520,0,1.253161289,0,0.225423315,14,6,3,0,D,Tottenham,0,1.253161289,5.722176462,5.697844207
298,645,Dele Alli,15,615,0,1.674591329,1,1.326244472,12,9,0,0,M S,Tottenham,0,1.674591329,4.322703792,2.134588031
299,660,Ben Davies,20,1330,0,0.197693076,1,0.437375445,3,8,1,0,D S,Tottenham,0,0.197693076,2.684573537,2.331053892
300,661,Josh Onomah,11,368,0,0.556196074,0,0.032975927,6,1,1,0,M S,Fulham,0,0.556196074,1.366465809,0.878203714
301,682,Branislav Ivanovic,13,761,0,0.459470816,0,0.048929498,4,1,2,0,D S,West Bromwich Albion,0,0.459470816,0.349197341,0.349197341
302,697,Nemanja Matic,19,1009,0,0.164785827,0,0.624385894,6,7,2,0,M S,Manchester United,0,0.164785827,4.94291357,4.320138576
303,703,Fikayo Tomori,1,43,0,0,0,0,0,0,0,0,S,Chelsea,0,0,0.072727516,0.072727516
304,706,Lukasz Fabianski,34,3060,0,0,0,0,0,0,2,0,GK,West Ham,0,0,1.189127625,1.189127625
305,708,Federico Fernández,24,2090,0,0.193843108,0,0.568549119,4,7,4,0,D,Newcastle United,0,0.193843108,3.305469789,3.219025113
306,710,Neil Taylor,1,13,0,0,0,0,0,0,1,0,S,Aston Villa,0,0,0,0
307,712,Jack Cork,15,1265,0,0.197326748,0,0.152461253,5,6,2,0,M S,Burnley,0,0.197326748,2.762237294,2.498659182
308,727,DeAndre Yedlin,6,442,0,0.099849286,0,0.084432976,2,3,0,0,D S,Newcastle United,0,0.099849286,0.525703978,0.356639266
309,730,Patrick van Aanholt,22,1775,0,1.398338497,1,0.649572467,18,12,2,0,D M S,Crystal Palace,0,1.398338497,4.809477232,3.354221024
310,741,Jordan Pickford,30,2652,0,0,0,0.021773621,0,1,1,0,GK,Everton,0,0,3.714159657,3.692386036
311,745,Kasper Schmeichel,38,3420,0,0,0,0,0,0,0,0,GK,Leicester,0,0,3.868817838,3.868817838
312,748,Wes Morgan,3,13,0,0,0,0,0,0,0,0,S,Leicester,0,0,0.14461267,0.14461267
313,749,Christian Fuchs,9,703,0,0.073731475,0,0.013015583,4,1,4,0,D S,Leicester,0,0.073731475,2.723851103,2.665549189
314,751,N&#039;Golo Kanté,30,2142,0,0.700462453,2,1.206712645,10,22,7,0,M S,Chelsea,0,0.700462453,10.10266601,8.441409685
315,762,Demarai Gray,1,17,0,0.057972059,0,0,1,0,0,0,S,Leicester,0,0.057972059,0.027033437,0.027033437
316,772,Moussa Sissoko,25,1563,0,0.24807331,0,0.184409471,3,4,3,0,D M S,Tottenham,0,0.24807331,4.136225495,3.926961499
317,780,Karl Darlow,25,2250,0,0,0,0,0,0,2,0,GK,Newcastle United,0,0,0.997432383,0.997432383
318,785,John Ruddy,2,91,0,0,0,0,0,0,0,0,GK S,Wolverhampton Wanderers,0,0,0,0
319,831,Fraser Forster,8,720,0,0,0,0,0,0,0,0,GK,Southampton,0,0,1.113945477,1.113945477
320,835,Ryan Bertrand,29,2600,0,0.374919968,1,1.395297447,8,13,5,0,D,Southampton,0,0.374919968,5.361662908,4.813895485
321,839,Shane Long,11,184,0,0.064224767,0,0,2,0,0,0,F S,Southampton,0,0.064224767,0.086924922,0.066068331
322,847,Cédric Soares,10,746,0,0.203542727,1,0.892805435,7,6,1,0,D S,Arsenal,0,0.203542727,3.335598396,2.919357073
323,848,Charlie Austin,5,126,0,0.412962645,0,0,3,0,0,0,S,West Bromwich Albion,0,0.412962645,0.412962645,0
324,856,Jack Butland,1,90,0,0,0,0,0,0,0,0,GK,Crystal Palace,0,0,0,0
325,857,Phil Bardsley,4,272,0,0.063414514,0,0,3,0,2,0,D S,Burnley,0,0.063414514,0.126693983,0.10160527
326,876,Fabian Delph,8,249,0,0.014957983,0,0.054449013,1,2,1,0,D M S,Everton,0,0.014957983,1.060617944,1.017157426
327,884,Matt Targett,38,3407,0,0.280304476,2,2.799669212,6,39,7,0,D,Aston Villa,0,0.280304476,9.610858653,8.203313463
328,885,Kyle Walker-Peters,29,2594,0,0.681466335,2,1.238876047,15,15,4,0,D,Southampton,0,0.681466335,8.147192437,6.561962301
329,887,Erik Pieters,20,1259,0,0.151167927,1,0.36361596,4,5,1,0,D M S,Burnley,0,0.151167927,1.932886744,1.552714355
330,888,Xherdan Shaqiri,14,534,0,0.424720537,2,2.510420077,11,19,2,0,F M S,Liverpool,0,0.424720537,4.585736163,2.122925749
331,910,Harrison Reed,31,2254,0,0.290977719,2,1.694523141,13,21,5,0,M S,Fulham,0,0.290977719,7.14201727,6.308452454
332,934,Axel Tuanzebe,8,311,0,0,0,0,0,0,2,0,D S,Manchester United,0,0,0.669896454,0.669896454
333,971,Harry Winks,15,854,0,0.061471345,0,0.189981017,4,4,5,0,M S,Tottenham,0,0.061471345,3.745244171,3.640523344
334,978,Sam Johnstone,37,3330,0,0,1,0.110116981,0,1,1,0,GK,West Bromwich Albion,0,0,2.627215836,2.517098855
335,987,Joseph Gomez,7,594,0,0,0,0.06542927,0,1,0,0,D S,Liverpool,0,0,2.085420132,2.019990861
336,1013,Sam Field,3,56,0,0,0,0,0,0,0,0,S,West Bromwich Albion,0,0,0,0
337,1042,Tom Davies,24,1343,0,0.177402196,1,0.95618438,7,6,3,0,D M S,Everton,0,0.177402196,3.08403841,2.586477526
338,1084,Jonjoe Kenny,4,81,0,0,0,0,0,0,0,0,D S,Everton,0,0,0.240644515,0.240644515
339,1208,Felipe Anderson,2,2,0,0,0,0,0,0,0,0,S,West Ham,0,0,0.050368659,0.050368659
340,1245,Emerson,2,88,0,0,0,0,0,0,0,0,S,Chelsea,0,0,0,0
341,1304,Moise Kean,2,10,0,0.022345722,0,0,1,0,0,0,S,Everton,0,0.022345722,0.022345722,0
342,1379,Allan,23,1961,0,0.241721148,0,0.668276405,7,15,6,0,M S,Everton,0,0.241721148,8.989606202,8.348410055
343,1682,Islam Slimani,1,17,0,0.100369193,0,0.076834463,1,1,0,0,S,Leicester,0,0.100369193,0.177203655,0
344,1683,Ryan Fraser,18,920,0,0.903079839,2,2.168529823,13,25,0,1,F M S,Newcastle United,0,0.903079839,2.99426372,1.342214781
345,1685,Ahmed Elmohamady,14,823,0,0.341272764,0,0.989466429,9,13,2,0,D S,Aston Villa,0,0.341272764,2.426968084,1.610212275
346,1689,Jake Livermore,18,1247,0,0.281537119,0,0.175723245,5,5,2,1,M S,West Bromwich Albion,0,0.281537119,2.171407584,1.860429456
347,1691,Robert Snodgrass,11,533,0,0.206367385,0,0.540032532,4,3,2,0,M S,"West Bromwich Albion,West Ham",0,0.206367385,0.830892969,0.166308774
348,1699,Shkodran Mustafi,3,43,0,0,0,0,0,0,0,0,S,Arsenal,0,0,0.064724766,0.064724766
349,1719,Javier Manquillo,13,823,0,0.023161858,0,0.297696754,1,5,1,0,D S,Newcastle United,0,0.023161858,1.432027978,1.111169352
350,1735,Jack Stephens,18,1544,0,0.894303333,0,0.455656361,6,6,2,0,D M S,Southampton,0,0.894303333,3.081087852,2.751403073
351,1739,Eric Bailly,11,826,0,0.048785914,0,0,1,0,3,0,D S,Manchester United,0,0.048785914,1.118866868,1.118866868
352,1747,Kevin Long,8,635,0,0.610003367,0,0.017368045,2,1,2,0,D S,Burnley,0,0.610003367,0.502235908,0.502235908
353,1748,Lys Mousset,11,284,0,0.842632093,0,0.437188886,4,3,0,0,F S,Sheffield United,0,0.842632093,1.540307693,0.260486767
354,1749,Rob Holding,29,2458,0,0.733920932,1,0.200682778,14,4,2,0,D S,Arsenal,0,0.733920932,7.343422361,7.103262603
355,1750,Ainsley Maitland-Niles,26,1719,0,0.796191022,0,0.821991144,12,6,2,0,D M S,"Arsenal,West Bromwich Albion",0,0.796191022,5.96847415,5.051884199
356,1760,Arthur Masuaku,12,1017,0,0.429025686,2,2.595891861,6,11,2,0,D M,West Ham,0,0.429025686,4.273891274,1.791139981
357,1785,Nampalys Mendy,23,1463,0,0.077613549,1,0.183155239,4,5,5,0,M S,Leicester,0,0.077613549,3.487958556,3.324419837
358,1823,Lucas Digne,29,2593,0,0.449756165,7,5.960716728,12,45,2,1,D M,Everton,0,0.449756165,10.7443293,6.589036062
359,1828,Alex Telles,8,606,0,0.124509076,2,0.752914295,4,11,0,0,D S,Manchester United,0,0.124509076,2.791853249,2.711230874
360,2164,Pablo Hernández,16,403,0,1.420189608,2,0.860272363,15,6,1,0,M S,Leeds,0,1.420189608,4.210413835,2.021953027
361,2190,Vicente Guaita,37,3330,0,0,0,0,0,0,2,0,GK,Crystal Palace,0,0,1.432440344,1.432440344
362,2254,Mateo Kovacic,27,1833,0,0.931417286,1,1.915258423,23,21,4,0,M S,Chelsea,0,0.931417286,14.8087242,13.03579165
363,2259,Kiko Casilla,3,270,0,0,0,0,0,0,0,0,GK,Leeds,0,0,0.269568749,0.269568749
364,2280,Jonny,7,505,0,0.051704653,0,0.050900813,1,2,0,0,D,Wolverhampton Wanderers,0,0.051704653,0.333493878,0.230888422
365,2310,Alphonse Areola,36,3240,0,0,0,0,0,0,2,0,GK,Fulham,0,0,3.555330414,3.555330414
366,2328,Thomas Partey,23,1453,0,0.95712436,2,1.121044723,22,12,5,0,M S,Arsenal,0,0.95712436,7.060513251,5.659219686
367,2383,André Gomes,28,1574,0,0.4271287,1,1.054450875,14,15,3,0,M S,Everton,0,0.4271287,5.508419405,4.376286745
368,2385,Mat Ryan,14,1260,0,0,0,0.060327269,0,1,1,0,GK,"Arsenal,Brighton",0,0,1.656184364,1.656184364
369,2446,Dani Ceballos,25,1613,0,0.659257941,3,2.578971768,13,27,4,0,M S,Arsenal,0,0.659257941,9.275826007,8.116632506
370,2498,Aymeric Laporte,16,1335,0,0.842339948,0,0.577895381,6,5,1,0,D S,Manchester City,0,0.842339948,6.243810184,6.243810184
371,2958,Oleksandr Zinchenko,19,1383,0,0.570422691,0,1.085499099,14,15,0,0,D M S,Manchester City,0,0.570422691,8.935375776,8.227980543
372,3231,Kamil Grosicki,3,151,0,0.109249078,1,0.566355854,3,3,0,0,M S,West Bromwich Albion,0,0.109249078,0.165013462,0.017962074
373,3303,Ricardo Pereira,15,954,0,0.363393784,1,0.760674581,7,10,3,0,D M S,Leicester,0,0.363393784,4.405820306,3.736775745
374,3304,Maxime Le Marchand,2,118,0,0.00950633,0,0,1,0,2,0,D S,Fulham,0,0.00950633,0.246916547,0.246916547
375,3420,Fabinho,30,2563,0,0.36248932,0,0.298061831,10,4,6,0,D M S,Liverpool,0,0.36248932,11.80802621,11.55500503
376,3696,Morgan Sanson,9,291,0,0.026357138,0,0.108452171,2,1,3,0,M S,Aston Villa,0,0.026357138,0.301813636,0.193361465
377,3979,Ahmed Hegazy,1,90,0,0,0,0,0,0,0,0,D,West Bromwich Albion,0,0,0.184028149,0.184028149
378,4401,Emiliano Martinez,38,3420,0,0,0,0.122923359,0,2,1,0,GK,Aston Villa,0,0,3.730909233,3.607985866
379,4764,Jean-Philippe Gbamin,1,9,0,0,0,0,0,0,0,0,S,Everton,0,0,0,0
380,4866,Aboubakar Kamara,11,303,0,0.654920237,0,0.328968979,4,6,1,1,F M S,Fulham,0,0.654920237,1.103214871,0.182326192
381,4918,Patrick Cutrone,2,21,0,0.071457505,0,0,1,0,0,0,S,Wolverhampton Wanderers,0,0.071457505,0.071457505,0
382,5061,Kepa,7,582,0,0,0,0,0,0,1,0,GK S,Chelsea,0,0,0.305024398,0.305024398
383,5245,Bernardo,3,201,0,0.317667782,0,0.173650652,4,2,0,0,D M S,Brighton,0,0.317667782,0.273300022,0.092164725
384,5247,Naby Keita,10,525,0,0.393258881,0,0.912950993,9,6,1,0,M S,Liverpool,0,0.393258881,3.590221044,2.329714198
385,5274,Michael Hector,4,266,0,0.086397342,0,0.019498158,1,1,2,0,D S,Fulham,0,0.086397342,0.465373404,0.445875265
386,5552,Nick Pope,32,2880,0,0,0,0.086050488,0,2,1,0,GK,Burnley,0,0,1.177935131,1.091884643
387,5562,Rekeem Harper,2,27,0,0.029595351,0,0,1,0,0,0,S,West Bromwich Albion,0,0.029595351,0.038211461,0.00861611
388,5569,Rhian Brewster,26,1094,0,1.866452693,0,1.766628793,24,11,1,0,F M S,Sheffield United,0,1.866452693,3.923127656,0.72440913
389,5590,Tosin Adarabioyo,33,2955,0,1.560731341,0,0.308730263,18,5,1,0,D,Fulham,0,1.560731341,5.666259252,5.607971766
390,5603,Aaron Ramsdale,37,3330,0,0,0,0.053570852,0,1,1,0,GK,Sheffield United,0,0,2.794618307,2.741047462
391,5708,Fernando Marçal,12,609,0,0.074554546,0,0.127291914,2,3,2,0,D M S,Wolverhampton Wanderers,0,0.074554546,1.987866266,1.821051288
392,5973,Kenny Tete,22,1483,0,0.211126352,1,0.906548452,7,19,3,0,D S,Fulham,0,0.211126352,3.743920777,2.755570685
393,6044,Charlie Taylor,28,2340,0,0.114516081,1,1.590359844,3,12,1,0,D S,Burnley,0,0.114516081,4.60969574,4.193467841
394,6050,Davy Pröpper,7,201,0,0.138562518,0,0,4,0,0,0,M S,Brighton,0,0.138562518,0.269949414,0.194228075
395,6051,Dale Stephens,7,258,0,0.082269238,0,0,3,0,1,0,M S,Burnley,0,0.082269238,0.241248898,0.158979658
396,6054,Ederson,35,3150,0,0,1,0.303358078,0,1,3,0,GK,Manchester City,0,0,7.552845497,7.249487441
397,6062,Isaac Hayden,24,1946,0,0.614846607,0,0.242496471,16,7,8,0,D M S,Newcastle United,0,0.614846607,4.556474669,4.089182766
398,6067,Terence Kongolo,1,90,0,0,0,0,0,0,0,0,D,Fulham,0,0,0.373576939,0.373576939
399,6122,Douglas Luiz,33,2807,0,1.318833555,2,2.418148297,26,19,8,1,M S,Aston Villa,0,1.318833555,9.615895635,7.108103702
400,6162,Cengiz Ünder,9,259,0,0.252603206,2,1.664034229,9,6,0,0,M S,Leicester,0,0.252603206,2.688693111,1.022703901
401,6163,Nélson Semedo,33,2904,0,1.176742831,1,0.819632989,22,19,5,0,D M,Wolverhampton Wanderers,0,1.176742831,7.286724576,5.929641872
402,6231,José Izquierdo,1,7,0,0.016806783,0,0,1,0,0,0,S,Brighton,0,0.016806783,0.066613488,0.049806703
403,6249,Davinson Sánchez,18,1488,0,0.800694175,0,0.020530213,5,1,1,0,D S,Tottenham,0,0.800694175,5.348088115,5.348088115
404,6273,Robin Koch,17,1124,0,0.514519796,0,0.125808204,9,4,1,0,D M S,Leeds,0,0.514519796,4.677588146,4.523156695
405,6274,Andriy Yarmolenko,15,343,0,0.31000777,1,0.781444121,7,5,3,0,M S,West Ham,0,0.31000777,1.453730691,0.931392327
406,6350,Jayson Molumby,1,1,0,0,0,0,0,0,0,0,S,Brighton,0,0,0,0
407,6369,Ethan Ampadu,25,2095,0,0.194453001,0,0.983016009,7,11,3,0,D M S,Sheffield United,0,0.194453001,3.262278304,2.999170067
408,6377,Joe Rodon,12,730,0,0.018329373,0,0,1,0,0,0,D S,Tottenham,0,0.018329373,1.419659533,1.419659533
409,6418,Hamza Choudhury,10,312,0,0.447797831,0,0,4,0,1,0,M S,Leicester,0,0.447797831,2.327858992,1.945667595
410,6434,Franck Zambo,36,2582,0,1.438546485,3,2.301115034,34,28,6,0,M S,Fulham,0,1.438546485,8.766743933,6.624086673
411,6477,Cenk Tosun,5,37,0,0,0,0.074079275,0,1,2,0,S,Everton,0,0,0.108066499,0.03398722
412,6492,Reiss Nelson,2,59,0,0.05691709,0,0,1,0,0,0,S,Arsenal,0,0.05691709,0.348039735,0.291122645
413,6504,Michael Obafemi,3,47,0,0,0,0.054918554,0,1,0,0,S,Southampton,0,0,0.148902686,0.148902686
414,6532,Martin Dubravka,13,1170,0,0,0,0,0,0,0,0,GK,Newcastle United,0,0,2.120249611,2.120249611
415,6736,Ibrahima Diallo,21,909,0,0.543974757,0,0.228211937,5,7,2,0,M S,Southampton,0,0.543974757,2.648569275,2.391123544
416,6822,Lee Peltier,4,230,0,0,0,0.022321735,0,1,1,0,D S,West Bromwich Albion,0,0,0.178315822,0.155994087
417,6840,Neeskens Kebano,5,112,0,0.272429855,0,0,6,0,0,0,M S,Fulham,0,0.272429855,0.241671653,0.020527512
418,6842,Alireza Jahanbakhsh,20,466,0,1.873219417,1,3.13356325,18,9,3,0,D F M S,Brighton,0,1.873219417,5.288835829,2.521948941
419,6843,David Button,1,90,0,0,0,0,0,0,0,0,GK,West Bromwich Albion,0,0,0,0
420,6849,Rui Patrício,36,3240,0,0,0,0,0,0,1,0,GK,Wolverhampton Wanderers,0,0,1.227286661,1.227286661
421,6852,Matt Doherty,17,1228,0,0.363882434,2,0.764676038,3,11,2,1,D M S,Tottenham,0,0.363882434,4.36995511,3.785172173
422,6856,Rúben Vinagre,2,173,0,0,0,0,0,0,0,0,D S,Wolverhampton Wanderers,0,0,0.178746618,0.178746618
423,6875,Rúnar Alex Rúnarsson,1,11,0,0,0,0,0,0,0,0,S,Arsenal,0,0,0,0
424,6880,Edouard Mendy,31,2748,0,0,0,0,0,0,2,0,GK,Chelsea,0,0,4.780523473,4.780523473
425,6923,Mohammed Salisu,11,746,0,0.463262148,0,0.172157373,3,2,0,0,D S,Southampton,0,0.463262148,1.800290193,1.75007011
426,6932,Okay Yokuslu,16,1328,0,0.719497154,1,0.442520587,12,6,4,0,M S,West Bromwich Albion,0,0.719497154,2.787972804,2.361194517
427,6962,Robin Olsen,7,630,0,0,0,0,0,0,1,0,GK,Everton,0,0,0.819591045,0.819591045
428,7077,Denis Odoi,3,270,0,0.04002567,0,0.050192393,2,1,1,0,D,Fulham,0,0.04002567,0.425706141,0.385680474
429,7078,Sean Longstaff,22,1391,0,0.82642882,1,0.940097608,15,13,2,0,M S,Newcastle United,0,0.82642882,3.000582458,1.70706563
430,7184,Tim Ream,7,630,0,0,0,0,0,0,0,0,D,Fulham,0,0,0.808804967,0.808804967
431,7187,Sergio Reguilón,27,2258,0,1.159553826,3,2.099100271,20,17,5,0,D M S,Tottenham,0,1.159553826,8.529953264,6.114481773
432,7280,Yan Valery,3,95,0,0.292913713,0,0.091609985,2,1,0,0,D S,Southampton,0,0.292913713,0.470328063,0.177414358
433,7298,Ben White,35,3118,0,0.479218181,0,0.943232409,10,8,3,1,D M,Brighton,0,0.479218181,8.247872069,7.806982048
434,7326,Kayne Ramsay,1,90,0,0,0,0,0,0,1,0,D,Southampton,0,0,0.016576746,0.016576746
435,7332,Max Kilman,18,1291,0,0.308016365,1,0.31305787,6,5,4,0,D S,Wolverhampton Wanderers,0,0.308016365,2.029524304,1.835227825
436,7376,Ozan Kabak,9,807,0,0.086028166,0,0.029386912,1,1,3,0,D,Liverpool,0,0.086028166,1.863911737,1.863911737
437,7383,Josh Benson,6,257,0,0.204414114,0,0,2,0,0,0,M S,Burnley,0,0.204414114,0.157301348,0.132469598
438,7459,Will Norris,1,90,0,0,0,0.047621962,0,1,0,0,GK,Burnley,0,0,0.093351208,0.045729246
439,7589,Wesley Fofana,28,2274,0,1.376329403,0,0.282855542,11,6,7,0,D S,Leicester,0,1.376329403,7.294468947,7.199470267
440,7689,Ben Godfrey,30,2592,0,0.793114735,2,0.97848325,14,4,4,0,D S,Everton,0,0.793114735,5.446373807,4.762139691
441,7691,Jamal Lewis,24,1824,0,0.119576626,1,0.989783524,3,14,4,0,D S,Newcastle United,0,0.119576626,4.688646201,3.727763444
442,7702,Dean Henderson,12,1032,0,0,0,0,0,0,2,0,GK S,Manchester United,0,0,1.281179894,1.281179894
443,7703,John Egan,30,2538,0,0.466965215,1,0.618604958,13,3,7,1,D S,Sheffield United,0,0.466965215,4.366980525,3.724967919
444,7704,Chris Basham,30,2512,0,0.577197254,1,1.066536583,9,12,4,0,D M,Sheffield United,0,0.577197254,7.344193064,6.029548591
445,7705,Jack O&#039;Connell,2,180,0,0,0,0,0,0,0,0,D,Sheffield United,0,0,0,0
446,7706,George Baldock,31,2697,0,1.316332579,2,2.55162105,13,17,6,0,D,Sheffield United,0,1.316332579,6.498022223,4.445407556
447,7707,Enda Stevens,29,2610,0,1.447222658,0,1.589678355,16,16,6,0,D M,Sheffield United,0,1.447222658,8.062012659,6.282961778
448,7708,John Lundstram,28,2034,0,1.875773877,2,1.459902443,20,20,8,1,M S,Sheffield United,0,1.114605039,7.169211086,5.258822596
449,7709,John Fleck,30,2486,0,0.503157536,2,2.391701452,17,33,3,0,M S,Sheffield United,0,0.503157536,6.323818311,4.64961108
450,7710,Oliver Norwood,31,2149,0,0.430055531,0,1.196565315,11,28,6,0,M S,Sheffield United,0,0.430055531,5.026410516,4.334151389
451,7724,Wesley,3,14,0,0.032882188,0,0,1,0,0,0,S,Aston Villa,0,0.032882188,0.118235346,0.085353158
452,7817,Zack Steffen,1,90,0,0,0,0,0,0,0,0,GK,Manchester City,0,0,0.349734753,0.349734753
453,7904,Caoimhin Kelleher,2,180,0,0,0,0,0,0,0,0,GK,Liverpool,0,0,0.447926968,0.447926968
454,7983,Daniel N&#039;Lundulu,13,82,0,0.026467277,0,0.030308796,1,1,0,0,S,Southampton,0,0.026467277,0.056776073,0.026467277
455,7988,Billy Gilmour,5,256,0,0.051134311,0,0.123658355,1,3,0,0,M S,Chelsea,0,0.051134311,0.543671995,0.406430423
456,8016,Matthew Longstaff,5,376,0,0,0,0.313707896,0,2,0,0,M S,Newcastle United,0,0,0.422484107,0.108776219
457,8040,Marvelous Nakamba,13,757,0,0.033083528,0,0.059333989,2,2,3,0,M S,Aston Villa,0,0.033083528,0.893009854,0.811434226
458,8045,Eric Garcia,6,378,0,0.074636623,0,0.008322988,2,1,0,0,D S,Manchester City,0,0.074636623,0.859475948,0.78483931
459,8075,Brandon Williams,3,95,0,0,0,0.031206071,0,1,0,0,D S,Manchester United,0,0,0.031206071,0.031206071
460,8109,Niels Nkounkou,1,70,0,0.016959822,0,0,1,0,1,0,D,Everton,0,0.016959822,0.030957643,0.013997821
461,8127,Amad Diallo Traore,2,85,0,0,1,0.054054588,0,1,0,0,M S,Manchester United,0,0,0.054054588,0
462,8150,Anthony Gordon,3,87,0,0,0,0.019139992,0,1,0,0,M S,Everton,0,0,0.188504796,0.188504796
463,8158,Scott Carson,1,90,0,0,0,0,0,0,0,0,GK,Manchester City,0,0,0,0
464,8180,Owen Otasowie,6,186,0,0.745342324,1,0.388768584,4,2,1,0,M S,Wolverhampton Wanderers,0,0.745342324,1.382753617,0.301533145
465,8204,Neco Williams,6,252,0,0.086225208,0,0.193398714,2,3,1,0,D S,Liverpool,0,0.086225208,1.074642193,0.795018241
466,8222,Japhet Tanganga,6,496,0,0.200776685,0,0.581575692,2,1,2,0,D,Tottenham,0,0.200776685,1.399339896,0.817764204
467,8224,William Smallbone,3,174,0,0.046092384,0,0,1,0,0,0,M S,Southampton,0,0.046092384,0.18661439,0.140521999
468,8227,Oskar Buur,1,20,0,0,0,0,0,0,0,0,S,Wolverhampton Wanderers,0,0,0,0
469,8286,Jack Robinson,10,789,0,0.671057343,1,0.671254516,5,1,3,0,D S,Sheffield United,0,0.671057343,1.925600505,1.925600505
470,8323,Josh Brownhill,32,2769,0,1.518221689,1,0.857584134,34,18,2,0,M S,Burnley,0,1.518221689,5.996074032,4.790278086
471,8351,Ki-Jana Hoever,12,568,0,0.057456035,0,0.184252966,1,3,1,0,D S,Wolverhampton Wanderers,0,0.057456035,1.222544033,1.02093799
472,8366,João Virgínia,1,48,0,0,0,0,0,0,0,0,S,Everton,0,0,0,0
473,8380,Pablo Marí,10,900,0,0.040522743,0,0.054243948,2,1,2,0,D,Arsenal,0,0.040522743,3.604974583,3.590738073
474,8482,Bailey Peacock-Farrell,4,360,0,0,0,0,0,0,0,0,GK,Burnley,0,0,0.007730924,0.007730924
475,8493,Jake Vokins,1,69,0,0,0,0.03704096,0,1,0,0,D,Southampton,0,0,0.172543928,0.135502979
476,8511,Alexandre Jankewitz,2,2,0,0,0,0,0,0,0,1,M S,Southampton,0,0,0.092008822,0.092008822
477,8566,Joel Mumbongo,4,33,0,0,0,0,0,0,1,0,S,Burnley,0,0,0,0
478,8704,Marek Rodák,2,180,0,0,0,0,0,0,0,0,GK,Fulham,0,0,0.020527512,0.020527512
479,8715,Illan Meslier,35,3150,0,0,0,0.042197324,0,1,0,0,GK,Leeds,0,0,5.92929398,5.887096663
480,8716,Luke Ayling,38,3400,0,1.439750447,0,2.988854175,24,26,7,0,D M,Leeds,0,1.439750447,14.19626155,11.88436425
481,8721,Jamie Shackleton,13,446,0,0,0,0.120877685,0,2,0,0,D M S,Leeds,0,0,2.193708245,2.193708245
482,8723,Ian Poveda-Ocampo,14,322,0,0.660413712,0,1.258312037,5,5,0,0,S,Leeds,0,0.660413712,2.022855317,0.104129592
483,8756,Dara O&#039;Shea,28,2098,0,0.064252788,0,0.119291768,3,5,3,0,D S,West Bromwich Albion,0,0.064252788,1.898305384,1.838441035
484,8757,Romaine Sawyers,19,1495,0,0.149906347,0,0.682290122,4,6,3,0,M S,West Bromwich Albion,0,0.149906347,1.843244545,1.186513171
485,8758,Kyle Edwards,5,110,0,0.118815787,0,0.021378838,2,1,0,0,M S,West Bromwich Albion,0,0.118815787,0.19228214,0.052087519
486,8777,Vitinha,19,500,0,0.664911379,1,0.720134935,8,12,0,0,M S,Wolverhampton Wanderers,0,0.664911379,1.945694854,1.477343654
487,8852,Konstantinos Tsimikas,2,4,0,0,0,0,0,0,0,0,S,Liverpool,0,0,0,0
488,8864,Matthew Cash,28,2389,0,0.247891438,2,1.905662615,9,21,6,1,D,Aston Villa,0,0.247891438,6.591602574,5.03345951
489,8868,Liam Delap,1,39,0,0.064085171,0,0,1,0,0,0,S,Manchester City,0,0.064085171,0.064085171,0
490,8905,Conor Townsend,25,2237,0,0.822823302,2,2.648506863,11,23,0,0,D M,West Bromwich Albion,0,0.822823302,6.119822977,3.785737064
491,8918,Max Lowe,8,554,0,0.086758116,0,0.187498435,2,2,1,0,D S,Sheffield United,0,0.086758116,1.30474665,1.030490108
492,8919,Leif Davis,2,28,0,0,0,0,0,0,0,0,S,Leeds,0,0,0.232999012,0.232999012
493,8940,Antonee Robinson,28,2158,0,0.467749074,0,2.032745026,10,29,4,1,D M S,Fulham,0,0.467749074,7.802951233,6.396044224
494,8941,Jacob Ramsey,22,593,0,0.574548911,0,0.211908303,11,6,0,0,M S,Aston Villa,0,0.574548911,2.227643296,1.694882825
495,8965,Vladimir Coufal,33,2966,0,1.39914868,6,6.037048752,15,44,3,0,D M,West Ham,0,1.39914868,14.37500281,8.324509352
496,8966,Filip Krovinovic,11,537,0,0.21568189,0,0.171874806,8,5,0,0,M S,West Bromwich Albion,0,0.21568189,0.695809597,0.477455568
497,9082,Lewis Richardson,2,2,0,0,0,0,0,0,0,0,S,Burnley,0,0,0,0
498,9086,Rhys Williams,9,661,0,0.553240098,0,0.222205341,7,2,0,0,D S,Liverpool,0,0.553240098,2.306015745,2.187169567
499,9098,Robert Sánchez,26,2340,0,0,0,0.025614949,0,1,2,0,GK,Brighton,0,0,3.047397129,3.021782182
500,9099,Andi Zeqiri,9,138,0,1.025947589,0,0.112493098,7,1,0,0,S,Brighton,0,1.025947589,0.829777382,0.485275537
501,9154,Elliot Anderson,1,3,0,0,0,0,0,0,0,0,S,Newcastle United,0,0,0,0
502,9209,Theo Corbeanu,1,7,0,0,0,0.023469822,0,1,0,0,S,Wolverhampton Wanderers,0,0,0.023469822,0
503,9219,Niall Huggins,1,35,0,0,0,0,0,0,0,0,S,Leeds,0,0,0.429236174,0.429236174
504,9222,Antwoine Hackford,1,4,0,0.103444666,0,0,1,0,0,0,S,Sheffield United,0,0.103444666,0.111830987,0.008386322
505,9249,Percy Tau,3,100,0,0,1,0.367365401,0,3,0,0,M S,Brighton,0,0,0.442519054,0.085826731
506,9250,Reda Khadra,1,3,0,0,0,0,0,0,0,0,S,Brighton,0,0,0,0
507,9256,Caleb Watts,3,30,0,0,0,0,0,0,1,0,S,Southampton,0,0,0,0
508,9257,Allan Tchaptchet,1,10,0,0,0,0,0,0,0,0,S,Southampton,0,0,0,0
509,9284,Jakub Moder,11,553,0,0.805190582,0,0.20512417,11,3,0,0,D M S,Brighton,0,0.805190582,1.745392147,1.186261192
510,9307,Iliman Ndiaye,1,10,0,0,0,0,0,0,0,0,S,Sheffield United,0,0,0,0
511,9311,Thakgalo Leshabela,1,8,0,0,0,0,0,0,0,0,S,Leicester,0,0,1.002465725,1.002465725
512,9332,Dane Scarlett,1,1,0,0,0,0,0,0,0,0,S,Tottenham,0,0,0,0
513,9356,Carney Chukwuemeka,2,16,0,0.056043904,0,0,1,0,0,0,S,Aston Villa,0,0.056043904,0.056043904,0
514,9359,Shola Shoretire,1,1,0,0,0,0,0,0,0,0,S,Manchester United,0,0,0,0
515,9395,Sidnei Tavares,2,84,0,0.020798454,0,0,1,0,0,0,M S,Leicester,0,0.020798454,0.020798454,0
516,9406,Nathan Broadhead,1,1,0,0,0,0,0,0,0,0,S,Everton,0,0,0,0
517,9415,Jaden Philogene-Bidace,1,1,0,0,0,0,0,0,0,0,S,Aston Villa,0,0,0.056043904,0.056043904
518,9423,Gaetano Berardi,2,113,0,0.074760616,0,0,1,0,0,0,D S,Leeds,0,0.074760616,0.231277935,0.231277935
519,9524,Anthony Elanga,1,67,0,0,0,0,0,0,0,0,M,Manchester United,0,0,0,0
520,9540,Femi Seriki,1,1,0,0,0,0,0,0,0,0,S,Sheffield United,0,0,0,0
521,9552,Tyrese Francois,1,13,0,0,0,0,0,0,0,0,S,Fulham,0,0,0,0
